Model,Accuracy,Precision,Recall,F1-score
SVM,0.9864784500297349,0.9815379773061755,0.9864784500297349,0.9802418889693548
