Model,Accuracy,Precision,Recall,F1-score
Logistic Regression,0.9908291339322044,0.9896449158200842,0.9908291339322044,0.9899058612405326
