Model,Accuracy,Precision,Recall,F1-score
Random Forest,0.9953676171398166,0.9950903805187739,0.9953676171398166,0.9951819487878041
