Model,Accuracy,Precision,Recall,F1-score
Naive Bayes,0.983786659989358,0.9894948856112091,0.983786659989358,0.9856415555052689
