Model,Accuracy,Precision,Recall,F1-score
Neural Network,0.9917368305737269,0.9944695287593472,0.9917368305737269,0.9908711469378059
